name,sequence
N701,TAAGGCGA
N702,CGTACTAG
N703,AGGCAGAA
N704,TCCTGAGC
N705,GGACTCCT
N706,TAGGCATG
N707,CTCTCTAC
N710,CGAGGCTG
N711,AAGAGGCA
N712,GTAGAGGA
N714,GCTCATGA
N715,ATCTCAGG
N716,ACTCGCTA
N718,GGAGCTAC
N719,GCGTAGTA
N720,CGGAGCCT
N721,TACGCTGC
N722,ATGCGCAG
N723,TAGCGCTC
N724,ACTGAGCG
N726,CCTAAGAC
N727,CGATCAGT
N728,TGCAGCTA
N729,TCGACGTC
S502,CTCTCTAT
S503,TATCCTCT
S505,GTAAGGAG
S506,ACTGCATA
S507,AAGGAGTA
S508,CTAAGCCT
S510,CGTCTAAT
S511,TCTCTCCG
S502,CTCTCTAT
S503,TATCCTCT
S505,GTAAGGAG
S506,ACTGCATA
S507,AAGGAGTA
S508,CTAAGCCT
S510,CGTCTAAT
S511,TCTCTCCG
S513,TCGACTAG
S515,TTCTAGCT
S516,CCTAGAGT
S517,GCGTAAGA
S518,CTATTAAG
S520,AAGGCTAT
S521,GAGCCTTA
S522,TTATGCGA
S513,TCGACTAG
S515,TTCTAGCT
S516,CCTAGAGT
S517,GCGTAAGA
S518,CTATTAAG
S520,AAGGCTAT
S521,GAGCCTTA
S522,TTATGCGA